{"IcoMoonType":"selection","icons":[{"icon":{"paths":["M502.796 948.599c-246.841 0-447.48-200.637-447.48-447.478 0-246.844 200.638-447.48 447.48-447.48s447.481 200.636 447.481 447.48c0 246.841-200.639 447.478-447.481 447.478zM502.796 116.079c-212.293 0-385.040 172.749-385.040 385.041s172.748 385.039 385.040 385.039c212.293 0 385.041-172.746 385.041-385.039s-172.749-385.041-385.041-385.041z","M443.747 650.14c-8.324 0-16.234-3.329-22.061-9.156l-117.802-117.802c-12.071-12.071-12.071-32.051 0-44.124 12.071-12.071 32.051-12.071 44.124 0l95.739 95.742 213.959-213.959c12.071-12.071 32.051-12.071 44.122 0 12.073 12.071 12.073 32.051 0 44.124l-236.020 236.020c-5.827 5.827-13.737 9.156-22.061 9.156z"],"attrs":[{"fill":"rgb(121, 121, 121)"},{"fill":"rgb(121, 121, 121)"}],"isMulticolor":false,"isMulticolor2":false,"grid":0,"tags":["tick-circle"]},"attrs":[{"fill":"rgb(121, 121, 121)"},{"fill":"rgb(121, 121, 121)"}],"properties":{"order":2,"id":0,"name":"tick-circle","prevSize":32,"code":59648},"setIdx":0,"setId":3,"iconIdx":0}],"height":1024,"metadata":{"name":"tick-circlee"},"preferences":{"showGlyphs":true,"showQuickUse":true,"showQuickUse2":true,"showSVGs":true,"fontPref":{"prefix":"icon-tick-circlee","metadata":{"fontFamily":"tick-circlee","majorVersion":1,"minorVersion":0},"metrics":{"emSize":1024,"baseline":6.25,"whitespace":50},"embed":false,"ie7":true,"noie8":false,"includeMetadata":true,"cssVars":true,"cssVarsFormat":"scss","flutter":true,"addZero":true,"showMetrics":true,"showSelector":true,"showMetadata":true,"showVersion":true},"imagePref":{"prefix":"icon-","png":true,"useClassSelector":true,"color":0,"bgColor":16777215,"classSelector":".icon","name":"icomoon"},"historySize":50,"showCodes":true,"gridSize":16,"showGrid":true}}